# bin/capture-manifest scratch/work/kokkos-all-production, taken 2026-09-12 at psyclone 8f5462666b lfric_apps df61404edc: psy module, invoke, kernel, region symbol
advective_and_flux_alg_mod_psy	invoke_0	sample_field_code	sample_field_r_double_kokkos
advective_and_flux_alg_mod_psy	invoke_3_horizontal_mass_flux_kernel_type	horizontal_mass_flux_code	horizontal_mass_flux_kokkos
advective_and_flux_alg_mod_psy	invoke_4_vertical_mass_flux_kernel_type	vertical_mass_flux_code	vertical_mass_flux_kokkos
advective_and_flux_alg_mod_psy	invoke_7_w3v_advective_update_kernel_type	w3v_advective_update_code	w3v_advective_update_kokkos
advective_and_flux_alg_mod_psy	invoke_8_monotonic_update_kernel_type	monotonic_update_code	monotonic_update_kokkos
ageofair_alg_mod_psy	invoke_1	ageofair_code	ageofair_kokkos
calc_dep_pts_alg_mod_psy	invoke_1	calc_departure_wind_code	calc_departure_wind_kokkos
calc_dep_pts_alg_mod_psy	invoke_1	calc_departure_wind_code	calc_departure_wind_kokkos
calc_dep_pts_alg_mod_psy	invoke_1	fractional_horizontal_wind_code	fractional_horizontal_wind_kokkos
calc_dep_pts_alg_mod_psy	invoke_1	hori_dep_dist_trapezoidal_code	hori_dep_dist_trapezoidal_kokkos
calc_dep_pts_alg_mod_psy	invoke_10_extract_w_kernel_type	extract_w_code	extract_w_r_double_kokkos
calc_dep_pts_alg_mod_psy	invoke_11	extract_w_code	extract_w_r_double_kokkos
calc_dep_pts_alg_mod_psy	invoke_11	extract_w_code	extract_w_r_double_kokkos
calc_dep_pts_alg_mod_psy	invoke_12	vert_dep_dist_ffsl_code	vert_dep_dist_ffsl_kokkos
calc_dep_pts_alg_mod_psy	invoke_16_vert_deppt_sorting_kernel_type	vert_deppt_sorting_code	vert_deppt_sorting_kokkos
calc_dep_pts_alg_mod_psy	invoke_18	calc_vert_dep_wind_code	calc_vert_dep_wind_kokkos
calc_dep_pts_alg_mod_psy	invoke_18	calc_vert_dep_wind_code	calc_vert_dep_wind_kokkos
calc_dep_pts_alg_mod_psy	invoke_18	fractional_vertical_wind_code	fractional_vertical_wind_kokkos
calc_dep_pts_alg_mod_psy	invoke_18	vert_dep_dist_lagrangian_code	vert_dep_dist_lagrangian_kokkos
calc_dep_pts_alg_mod_psy	invoke_2	calc_departure_wind_code	calc_departure_wind_kokkos
calc_dep_pts_alg_mod_psy	invoke_2	fractional_horizontal_wind_code	fractional_horizontal_wind_kokkos
calc_dep_pts_alg_mod_psy	invoke_2	hori_dep_dist_midpoint_code	hori_dep_dist_midpoint_kokkos
calc_dep_pts_alg_mod_psy	invoke_20_calc_upwind_detj_at_w2_kernel_type	calc_upwind_detj_at_w2_code	calc_upwind_detj_at_w2_kokkos
calc_dep_pts_alg_mod_psy	invoke_5	calc_departure_wind_code	calc_departure_wind_kokkos
calc_dep_pts_alg_mod_psy	invoke_5	fractional_horizontal_wind_code	fractional_horizontal_wind_kokkos
calc_dep_pts_alg_mod_psy	invoke_5	hori_dep_dist_eulerian_code	hori_dep_dist_eulerian_kokkos
calc_dep_pts_alg_mod_psy	invoke_7	extract_uv_code	extract_uv_r_double_kokkos
calc_dep_pts_alg_mod_psy	invoke_boundary_cap_vert_deppts	vert_dep_dist_boundary_code	vert_dep_dist_boundary_kokkos
calc_dep_pts_alg_mod_psy	invoke_exponential_cap_vert_deppts	vert_dep_dist_exponential_code	vert_dep_dist_exponential_kokkos
checks_and_balances_alg_mod_psy	invoke_0_limit_wind_kernel_type	limit_wind_code	limit_wind_kokkos
compute_pv_alg_mod_psy	invoke_0	sample_field_code	sample_field_r_double_kokkos
compute_pv_alg_mod_psy	invoke_1	dg_matrix_vector_code	dg_matrix_vector_r_double_kokkos
compute_sl_coefficients_alg_mod_psy	invoke_sl_cubic_coeff	compute_vertical_cubic_coef_code	compute_vertical_cubic_coef_kokkos
compute_sl_coefficients_alg_mod_psy	invoke_sl_cubic_herm_coeff	compute_vertical_cubic_coef_code	compute_vertical_cubic_coef_kokkos
compute_sl_coefficients_alg_mod_psy	invoke_sl_linear_coeff	compute_vertical_linear_coef_code	compute_vertical_linear_coef_kokkos
compute_sl_coefficients_alg_mod_psy	invoke_sl_quintic_coeff	compute_vertical_quintic_coef_code	compute_vertical_quintic_coef_kokkos
compute_total_energy_alg_mod_psy	invoke_3	compute_column_integral_code	compute_column_integral_kokkos
compute_total_mass_alg_mod_psy	invoke_0	compute_column_integral_code	compute_column_integral_kokkos
compute_total_mass_alg_mod_psy	invoke_1	dg_matrix_vector_code	dg_matrix_vector_r_double_kokkos
compute_vorticity_alg_mod_psy	invoke_2	enforce_bc_code	enforce_bc_r_double_kokkos
compute_vorticity_alg_mod_psy	invoke_2	transpose_matrix_vector_code	transpose_matrix_vector_r_double_kokkos
compute_vorticity_alg_mod_psy	invoke_3	w2_to_w1_projection_code	w2_to_w1_projection_kokkos
derive_exner_from_eos_alg_mod_psy	invoke_0_sample_eos_pressure_kernel_type	sample_eos_pressure_code	sample_eos_pressure_kokkos
diagnostic_alg_mod_psy	invoke_0_dg_matrix_vector_kernel_type	dg_matrix_vector_code	dg_matrix_vector_r_double_kokkos
diagnostic_alg_mod_psy	invoke_1	enforce_bc_code	enforce_bc_r_double_kokkos
diagnostic_alg_mod_psy	invoke_1	hydrostatic_code	hydrostatic_kokkos
diagnostic_alg_mod_psy	invoke_14_pointwise_convert_xyz2llr_kernel_type	pointwise_convert_xyz2llr_code	pointwise_convert_xyz2llr_kokkos
diagnostic_alg_mod_psy	invoke_16_split_w2_field_kernel_type	split_w2_field_code	split_w2_field_r_double_kokkos
diagnostic_alg_mod_psy	invoke_17_compute_column_integral_kernel_type	compute_column_integral_code	compute_column_integral_kokkos
diagnostic_alg_mod_psy	invoke_21_compute_column_integral_kernel_type	compute_column_integral_code	compute_column_integral_kokkos
diagnostic_alg_mod_psy	invoke_24	compute_column_integral_code	compute_column_integral_kokkos
diagnostic_alg_mod_psy	invoke_25	compute_column_integral_code	compute_column_integral_kokkos
diagnostic_alg_mod_psy	invoke_26	compute_column_integral_code	compute_column_integral_kokkos
diagnostic_alg_mod_psy	invoke_27	compute_column_integral_code	compute_column_integral_kokkos
diagnostic_alg_mod_psy	invoke_28	compute_column_integral_code	compute_column_integral_kokkos
diagnostic_alg_mod_psy	invoke_29_calc_wbig_kernel_type	calc_wbig_code	calc_wbig_kokkos
diagnostic_alg_mod_psy	invoke_5_pointwise_convert_xyz2llr_kernel_type	pointwise_convert_xyz2llr_code	pointwise_convert_xyz2llr_kokkos
dycore_constants_mod_psy	invoke_2_compute_geopotential_kernel_type	compute_geopotential_code	compute_geopotential_kokkos
dycore_constants_mod_psy	invoke_4_operator_setval_x_kernel_type	operator_setval_x_kernel_code	operator_setval_x_kernel_r_double_kokkos
dycore_constants_mod_psy	invoke_6_operator_setval_x_kernel_type	operator_setval_x_kernel_code	operator_setval_x_kernel_r_double_kokkos
dycore_constants_mod_psy	invoke_compute_lagged_damping_layer_mass_matrix	lagged_orog_operator_kernel_code	lagged_orog_operator_kernel_kokkos
dycore_constants_mod_psy	invoke_set_w2_si_mass_matrix_with_damping_layer	operator_x_plus_ay_kernel_code	operator_x_plus_ay_kernel_kokkos
end_of_transport_step_alg_mod_psy	invoke_1	dg_matrix_vector_code	dg_matrix_vector_r_double_kokkos
end_of_transport_step_alg_mod_psy	invoke_1	iterate_min_flux_code	iterate_min_flux_kokkos
end_of_transport_step_alg_mod_psy	invoke_11	inject_wt_to_sh_w3_code	inject_wt_to_sh_w3_r_double_kokkos
end_of_transport_step_alg_mod_psy	invoke_12	dg_matrix_vector_code	dg_matrix_vector_r_double_kokkos
end_of_transport_step_alg_mod_psy	invoke_12	iterate_min_flux_code	iterate_min_flux_kokkos
end_of_transport_step_alg_mod_psy	invoke_13	fv_divergence_3d_code	fv_divergence_3d_r_double_kokkos
end_of_transport_step_alg_mod_psy	invoke_14_conservative_neg_fix_kernel_type	conservative_neg_fix_code	conservative_neg_fix_kokkos
end_of_transport_step_alg_mod_psy	invoke_18_inject_sh_w3_to_wt_kernel_type	inject_sh_w3_to_wt_code	inject_sh_w3_to_wt_r_double_kokkos
end_of_transport_step_alg_mod_psy	invoke_2	dg_matrix_vector_code	dg_matrix_vector_r_double_kokkos
end_of_transport_step_alg_mod_psy	invoke_20	combine_w2_field_code	combine_w2_field_r_double_kokkos
end_of_transport_step_alg_mod_psy	invoke_25	combine_w2_field_code	combine_w2_field_r_double_kokkos
end_of_transport_step_alg_mod_psy	invoke_26_combine_w2_field_kernel_type	combine_w2_field_code	combine_w2_field_r_double_kokkos
end_of_transport_step_alg_mod_psy	invoke_3	fv_divergence_3d_code	fv_divergence_3d_r_double_kokkos
end_of_transport_step_alg_mod_psy	invoke_5_conservative_neg_fix_kernel_type	conservative_neg_fix_code	conservative_neg_fix_kokkos
end_of_transport_step_alg_mod_psy	invoke_7	inject_wt_to_sh_w3_code	inject_wt_to_sh_w3_r_double_kokkos
end_of_transport_step_alg_mod_psy	invoke_8	consistent_dispersion_code	consistent_dispersion_kokkos
end_of_transport_step_alg_mod_psy	invoke_theta_factor	theta_dispersion_factor_code	theta_dispersion_factor_kokkos
external_forcing_alg_mod_psy	invoke_17_momentum_smagorinsky_kernel_type	momentum_smagorinsky_code	momentum_smagorinsky_kokkos
fast_physics_alg_mod_psy	invoke_1_evap_condense_kernel_type	evap_condense_code	evap_condense_kokkos
fast_physics_alg_mod_psy	invoke_4_enforce_lower_bound_kernel_type	enforce_lower_bound_code	enforce_lower_bound_r_double_kokkos
fem_advective_update_alg_mod_psy	invoke_1	dg_matrix_vector_code	dg_matrix_vector_r_double_kokkos
fem_advective_update_alg_mod_psy	invoke_1	dg_matrix_vector_code	dg_matrix_vector_r_double_kokkos
ffsl_3d_alg_mod_psy	invoke_3	combine_w2_field_code	combine_w2_field_r_double_kokkos
ffsl_advective_updates_alg_mod_psy	invoke_0_swift_outer_update_kernel_type	swift_outer_update_code	swift_outer_update_kokkos
ffsl_advective_updates_alg_mod_psy	invoke_1_swift_inner_update_kernel_type	swift_inner_update_code	swift_inner_update_kokkos
ffsl_advective_updates_alg_mod_psy	invoke_2_ffsl_advective_increment_kernel_type	ffsl_advective_increment_code	ffsl_advective_increment_kokkos
ffsl_control_alg_mod_psy	invoke_1_inject_wt_to_sh_w3_kernel_type	inject_wt_to_sh_w3_code	inject_wt_to_sh_w3_r_double_kokkos
ffsl_control_alg_mod_psy	invoke_3_inject_sh_w3_to_wt_kernel_type	inject_sh_w3_to_wt_code	inject_sh_w3_to_wt_r_double_kokkos
ffsl_hori_alg_mod_psy	invoke_14	average_w2_to_w2b_code	average_w2_to_w2b_r_double_kokkos
ffsl_hori_alg_mod_psy	invoke_15	fv_difference_x_code	fv_difference_x_kokkos
ffsl_hori_alg_mod_psy	invoke_15	fv_difference_y_code	fv_difference_y_kokkos
ffsl_hori_alg_mod_psy	invoke_21	average_w2_to_w2b_code	average_w2_to_w2b_r_double_kokkos
ffsl_hori_alg_mod_psy	invoke_22	fv_difference_x_code	fv_difference_x_kokkos
ffsl_hori_alg_mod_psy	invoke_22	fv_difference_y_code	fv_difference_y_kokkos
ffsl_hori_alg_mod_psy	invoke_23	fv_divergence_x_code	fv_divergence_x_kokkos
ffsl_hori_alg_mod_psy	invoke_23	fv_divergence_y_code	fv_divergence_y_kokkos
ffsl_hori_alg_mod_psy	invoke_24	fv_divergence_x_code	fv_divergence_x_kokkos
ffsl_hori_alg_mod_psy	invoke_24	fv_divergence_y_code	fv_divergence_y_kokkos
ffsl_hori_alg_mod_psy	invoke_7	average_w2_to_w2b_code	average_w2_to_w2b_r_double_kokkos
ffsl_hori_alg_mod_psy	invoke_8	fv_divergence_x_code	fv_divergence_x_kokkos
ffsl_hori_alg_mod_psy	invoke_8	fv_divergence_y_code	fv_divergence_y_kokkos
ffsl_vert_alg_mod_psy	invoke_0_fv_difference_z_kernel_type	fv_difference_z_code	fv_difference_z_kokkos
ffsl_vert_alg_mod_psy	invoke_2_fv_divergence_z_kernel_type	fv_divergence_z_code	fv_divergence_z_kokkos
ffsl_vert_alg_mod_psy	invoke_5_ffsl_flux_z_constant_kernel_type	ffsl_flux_z_constant_code	ffsl_flux_z_constant_kokkos
ffsl_vert_alg_mod_psy	invoke_8_ffsl_flux_z_ppm_kernel_type	ffsl_flux_z_ppm_code	ffsl_flux_z_ppm_kokkos
flux_precomputations_alg_mod_psy	invoke_10_restrict_w2_kernel_type	restrict_w2_code	restrict_w2_r_double_kokkos
flux_precomputations_alg_mod_psy	invoke_11_restrict_w2h_kernel_type	restrict_w2h_code	restrict_w2h_r_double_kokkos
flux_precomputations_alg_mod_psy	invoke_12_restrict_w2v_kernel_type	restrict_w2v_code	restrict_w2v_r_double_kokkos
flux_precomputations_alg_mod_psy	invoke_14	consist_w2_to_sh_w2_code	consist_w2_to_sh_w2_double_kokkos
flux_precomputations_alg_mod_psy	invoke_15	consist_w2h_to_sh_w2h_code	consist_w2h_to_sh_w2h_r_double_kokkos
flux_precomputations_alg_mod_psy	invoke_16_consist_w2v_to_sh_w2v_kernel_type	consist_w2v_to_sh_w2v_code	consist_w2v_to_sh_w2v_r_double_kokkos
flux_precomputations_alg_mod_psy	invoke_18_fv_difference_3d_kernel_type	fv_difference_3d_code	fv_difference_3d_kokkos
flux_precomputations_alg_mod_psy	invoke_19_fv_difference_2d_kernel_type	fv_difference_2d_code	fv_difference_2d_kokkos
flux_precomputations_alg_mod_psy	invoke_20_fv_difference_z_kernel_type	fv_difference_z_code	fv_difference_z_kokkos
flux_precomputations_alg_mod_psy	invoke_24_shift_mass_w3_kernel_type	shift_mass_w3_code	shift_mass_w3_r_double_kokkos
flux_precomputations_alg_mod_psy	invoke_29	fv_difference_x_code	fv_difference_x_kokkos
flux_precomputations_alg_mod_psy	invoke_29	fv_difference_y_code	fv_difference_y_kokkos
flux_precomputations_alg_mod_psy	invoke_32_vert_dep_dist_ffsl_kernel_type	vert_dep_dist_ffsl_code	vert_dep_dist_ffsl_kokkos
flux_precomputations_alg_mod_psy	invoke_5_restrict_w2_kernel_type	restrict_w2_code	restrict_w2_r_double_kokkos
flux_precomputations_alg_mod_psy	invoke_6_split_w2_field_kernel_type	split_w2_field_code	split_w2_field_r_double_kokkos
flux_precomputations_alg_mod_psy	invoke_restrict_ref_field	restrict_scalar_weighted_kernel_code	restrict_scalar_weighted_r_double_kokkos
geostrophic_forcing_alg_mod_psy	invoke_3_profile_interp_kernel_type	profile_interp_code	profile_interp_kokkos
geostrophic_forcing_alg_mod_psy	invoke_5_profile_interp_kernel_type	profile_interp_code	profile_interp_kokkos
gungho_init_fields_mod_psy	invoke_0_split_w2_field_kernel_type	split_w2_field_code	split_w2_field_r_double_kokkos
gungho_init_fields_mod_psy	invoke_1_combine_w2_field_kernel_type	combine_w2_field_code	combine_w2_field_r_double_kokkos
horiz_mean_alg_mod_psy	invoke_0	extract_2d_field_code	extract_2d_field_kokkos
horiz_mean_alg_mod_psy	invoke_1_set_field_to_profile_kernel_type	set_field_to_profile_code	set_field_to_profile_kokkos
horizontal_sl_advective_alg_mod_psy	invoke_1_horizontal_linear_sl_kernel_type	horizontal_linear_sl_code	horizontal_linear_sl_kokkos
horizontal_sl_advective_alg_mod_psy	invoke_5_horizontal_cubic_sl_kernel_type	horizontal_cubic_sl_code	horizontal_cubic_sl_kokkos
init_altitude_mod_psy	invoke_1	smooth_orog_code	smooth_orog_kokkos
init_gungho_lbcs_alg_mod_psy	invoke_4_combine_w2_field_kernel_type	combine_w2_field_code	combine_w2_field_r_double_kokkos
init_gungho_lbcs_alg_mod_psy	invoke_5	combine_w2_field_code	combine_w2_field_r_double_kokkos
init_gungho_lbcs_alg_mod_psy	invoke_7	moist_dyn_gas_code	moist_dyn_gas_kokkos
init_gungho_lbcs_alg_mod_psy	invoke_7	sort_ref_code	sort_ref_r_double_kokkos
init_gungho_prognostics_alg_mod_psy	invoke_10	dg_matrix_vector_code	dg_matrix_vector_r_double_kokkos
init_gungho_prognostics_alg_mod_psy	invoke_9_sample_eos_rho_kernel_type	sample_eos_rho_code	sample_eos_rho_kokkos
init_gungho_prognostics_alg_mod_psy	invoke_apply_bcs_to_u	enforce_bc_code	enforce_bc_r_double_kokkos
init_gungho_prognostics_alg_mod_psy	invoke_get_u_from_projection	enforce_bc_code	enforce_bc_r_double_kokkos
init_saturated_profile_alg_mod_psy	invoke_4_theta_e_kernel_type	theta_e_code	theta_e_kokkos
init_saturated_profile_alg_mod_psy	invoke_5	theta_e_code	theta_e_kokkos
init_saturated_profile_alg_mod_psy	invoke_6	theta_e_code	theta_e_kokkos
init_thermo_profile_alg_mod_psy	invoke_1	profile_interp_code	profile_interp_kokkos
init_thermo_profile_alg_mod_psy	invoke_3	profile_interp_code	profile_interp_kokkos
init_unsaturated_profile_alg_mod_psy	invoke_3_relative_humidity_kernel_type	relative_humidity_code	relative_humidity_kokkos
init_unsaturated_profile_alg_mod_psy	invoke_4	relative_humidity_code	relative_humidity_kokkos
intermesh_mappings_alg_mod_psy	invoke_0_apply_w3_to_sh_w3_kernel_type	apply_w3_to_sh_w3_code	apply_w3_to_sh_w3_r_double_kokkos
intermesh_mappings_alg_mod_psy	invoke_15_restrict_w2_kernel_type	restrict_w2_code	restrict_w2_r_double_kokkos
intermesh_mappings_alg_mod_psy	invoke_16	prolong_w2_kernel_code	prolong_w2_kernel_kokkos
intermesh_mappings_alg_mod_psy	invoke_18	restrict_w0_kernel_code	restrict_w0_kernel_kokkos
intermesh_mappings_alg_mod_psy	invoke_19	prolong_w0_kernel_code	prolong_w0_kernel_kokkos
intermesh_mappings_alg_mod_psy	invoke_2	prolong_scalar_unweighted_kernel_code	prolong_scalar_unweighted_r_double_kokkos
intermesh_mappings_alg_mod_psy	invoke_27_adjust_lambda_kernel_type	adjust_lambda_kernel_code	adjust_lambda_kernel_kokkos
intermesh_mappings_alg_mod_psy	invoke_28_apply_lambda_kernel_type	apply_lambda_kernel_code	apply_lambda_kernel_kokkos
intermesh_mappings_alg_mod_psy	invoke_29_enforce_lower_bound_kernel_type	enforce_lower_bound_code	enforce_lower_bound_r_double_kokkos
intermesh_mappings_alg_mod_psy	invoke_30_enforce_lower_bound_kernel_type	enforce_lower_bound_code	enforce_lower_bound_r_double_kokkos
intermesh_mappings_alg_mod_psy	invoke_32	adjust_lambda_kernel_code	adjust_lambda_kernel_kokkos
intermesh_mappings_alg_mod_psy	invoke_33_apply_lambda_kernel_type	apply_lambda_kernel_code	apply_lambda_kernel_kokkos
intermesh_mappings_alg_mod_psy	invoke_34_enforce_lower_bound_kernel_type	enforce_lower_bound_code	enforce_lower_bound_r_double_kokkos
intermesh_mappings_alg_mod_psy	invoke_35	adjust_lambda_kernel_code	adjust_lambda_kernel_kokkos
intermesh_mappings_alg_mod_psy	invoke_36_apply_lambda_kernel_type	apply_lambda_kernel_code	apply_lambda_kernel_kokkos
intermesh_mappings_alg_mod_psy	invoke_38_adjust_lambda_kernel_type	adjust_lambda_kernel_code	adjust_lambda_kernel_kokkos
intermesh_mappings_alg_mod_psy	invoke_39_apply_lambda_kernel_type	apply_lambda_kernel_code	apply_lambda_kernel_kokkos
intermesh_mappings_alg_mod_psy	invoke_40_enforce_lower_bound_kernel_type	enforce_lower_bound_code	enforce_lower_bound_r_double_kokkos
intermesh_mappings_alg_mod_psy	invoke_restrict_scalar_unweighted	restrict_scalar_unweighted_kernel_code	restrict_scalar_unweighted_r_double_kokkos
intermesh_mappings_alg_mod_psy	invoke_restrict_scalar_weighted	restrict_scalar_weighted_kernel_code	restrict_scalar_weighted_r_double_kokkos
interpolation_alg_mod_psy	invoke_4_extract_w_kernel_type	extract_w_code	extract_w_r_double_kokkos
interpolation_alg_mod_psy	invoke_5	dg_inc_matrix_vector_code	dg_inc_matrix_vector_r_double_kokkos
interpolation_alg_mod_psy	invoke_5	dg_inc_matrix_vector_code	dg_inc_matrix_vector_r_double_kokkos
interpolation_alg_mod_psy	invoke_5	dg_matrix_vector_code	dg_matrix_vector_r_double_kokkos
lam_rhs_alg_mod_psy	invoke_compute_rhs_lbc	dg_matrix_vector_code	dg_matrix_vector_r_double_kokkos
lam_rhs_alg_mod_psy	invoke_compute_rhs_lbc	enforce_bc_code	enforce_bc_r_double_kokkos
lam_rhs_alg_mod_psy	invoke_compute_rhs_lbc	matrix_vector_code	matrix_vector_r_double_kokkos
leonard_term_alg_mod_psy	invoke_0	leonard_term_kl_code	leonard_term_kl_kokkos
leonard_term_alg_mod_psy	invoke_0	leonard_term_th_code	leonard_term_th_kokkos
leonard_term_alg_mod_psy	invoke_0	leonard_term_th_code	leonard_term_th_kokkos
leonard_term_alg_mod_psy	invoke_0	leonard_term_u_code	leonard_term_u_kokkos
leonard_term_alg_mod_psy	invoke_1	leonard_term_th_code	leonard_term_th_kokkos
limited_area_constants_mod_psy	invoke_1	restrict_masked_w2_kernel_code	restrict_masked_w2_kernel_kokkos
limited_area_constants_mod_psy	invoke_1	restrict_scalar_masked_kernel_code	restrict_scalar_masked_r_double_kokkos
limited_area_lbc_alg_mod_psy	invoke_2_splice_fields_kernel_type	splice_fields_code	splice_fields_r_double_kokkos
limited_area_lbc_alg_mod_psy	invoke_3_splice_fields_kernel_type	splice_fields_code	splice_fields_r_double_kokkos
limited_area_masks_alg_mod_psy	invoke_1	create_edge_mask_code	create_edge_mask_kokkos
limited_area_masks_alg_mod_psy	invoke_11_create_w3mask_blend_kernel_type	create_w3mask_blend_code	create_w3mask_blend_kokkos
limited_area_masks_alg_mod_psy	invoke_12_create_w2mask_blend_kernel_type	create_w2mask_blend_code	create_w2mask_blend_kokkos
limited_area_masks_alg_mod_psy	invoke_13_create_wthetamask_blend_kernel_type	create_wthetamask_blend_code	create_wthetamask_blend_kokkos
limited_area_masks_alg_mod_psy	invoke_15_create_w2mask_tang_kernel_type	create_w2mask_tang_code	create_w2mask_tang_kokkos
limited_area_masks_alg_mod_psy	invoke_16	create_threshold_mask_code	create_threshold_mask_kokkos
limited_area_masks_alg_mod_psy	invoke_18_create_w2mask_kernel_type	create_w2mask_code	create_w2mask_kokkos
limited_area_masks_alg_mod_psy	invoke_19_create_w3mask_kernel_type	create_w3mask_code	create_w3mask_kokkos
limited_area_masks_alg_mod_psy	invoke_2	propagate_onion_layers_code	propagate_onion_layers_kokkos
limited_area_masks_alg_mod_psy	invoke_20_create_wthetamask_kernel_type	create_wthetamask_code	create_wthetamask_kokkos
limited_area_masks_alg_mod_psy	invoke_21	create_boundary_mask_code	create_boundary_mask_kokkos
limited_area_masks_alg_mod_psy	invoke_23_create_w2bmask_kernel_type	create_w2bmask_code	create_w2bmask_kokkos
limited_area_masks_alg_mod_psy	invoke_3	create_threshold_mask_code	create_threshold_mask_kokkos
limited_area_masks_alg_mod_psy	invoke_5_create_w3mask_lbc_kernel_type	create_w3mask_lbc_code	create_w3mask_lbc_kokkos
limited_area_masks_alg_mod_psy	invoke_6_create_w2mask_lbc_kernel_type	create_w2mask_lbc_code	create_w2mask_lbc_kokkos
limited_area_masks_alg_mod_psy	invoke_7_create_wthetamask_lbc_kernel_type	create_wthetamask_lbc_code	create_wthetamask_lbc_kokkos
lipschitz_diag_alg_mod_psy	invoke_3	fv_divergence_x_code	fv_divergence_x_kokkos
lipschitz_diag_alg_mod_psy	invoke_3	fv_divergence_y_code	fv_divergence_y_kokkos
lipschitz_diag_alg_mod_psy	invoke_3	fv_divergence_z_code	fv_divergence_z_kokkos
lipschitz_diag_alg_mod_psy	invoke_3	split_w2_field_code	split_w2_field_r_double_kokkos
map_fd_to_prognostics_alg_mod_psy	invoke_1	combine_w2_field_code	combine_w2_field_r_double_kokkos
map_fd_to_prognostics_alg_mod_psy	invoke_10_hydrostatic_coriolis_kernel_type	hydrostatic_coriolis_code	hydrostatic_coriolis_kokkos
map_fd_to_prognostics_alg_mod_psy	invoke_11	hydro_shallow_to_deep_code	hydro_shallow_to_deep_kokkos
map_fd_to_prognostics_alg_mod_psy	invoke_11	sample_eos_pressure_code	sample_eos_pressure_kokkos
map_fd_to_prognostics_alg_mod_psy	invoke_11	sample_eos_rho_code	sample_eos_rho_kokkos
map_fd_to_prognostics_alg_mod_psy	invoke_11	sample_w3_to_wtheta_code	sample_w3_to_wtheta_r_double_kokkos
map_fd_to_prognostics_alg_mod_psy	invoke_11	sample_w3_to_wtheta_code	sample_w3_to_wtheta_r_double_kokkos
map_fd_to_prognostics_alg_mod_psy	invoke_2_sort_ref_kernel_type	sort_ref_code	sort_ref_r_double_kokkos
map_fd_to_prognostics_alg_mod_psy	invoke_8	dg_inc_matrix_vector_code	dg_inc_matrix_vector_r_double_kokkos
map_fd_to_prognostics_alg_mod_psy	invoke_8	enforce_bc_code	enforce_bc_r_double_kokkos
map_fd_to_prognostics_alg_mod_psy	invoke_9_enforce_bc_kernel_type	enforce_bc_code	enforce_bc_r_double_kokkos
map_fd_to_prognostics_alg_mod_psy	invoke_galerkin_projection_from_lonlatr	enforce_bc_code	enforce_bc_r_double_kokkos
map_fd_to_prognostics_alg_mod_psy	invoke_galerkin_projection_from_lonlatr	matrix_vector_code	matrix_vector_r_double_kokkos
map_fd_to_prognostics_alg_mod_psy	invoke_galerkin_projection_from_lonlatr	matrix_vector_code	matrix_vector_r_double_kokkos
map_fd_to_prognostics_alg_mod_psy	invoke_galerkin_projection_from_lonlatr	matrix_vector_code	matrix_vector_r_double_kokkos
map_fd_to_prognostics_alg_mod_psy	invoke_sample_physics_winds_in_w2	dg_inc_matrix_vector_code	dg_inc_matrix_vector_r_double_kokkos
map_fd_to_prognostics_alg_mod_psy	invoke_sample_physics_winds_in_w2	dg_inc_matrix_vector_code	dg_inc_matrix_vector_r_double_kokkos
map_fd_to_prognostics_alg_mod_psy	invoke_sample_physics_winds_in_w2	dg_matrix_vector_code	dg_matrix_vector_r_double_kokkos
map_physics_fields_alg_mod_psy	invoke_1	extract_w_code	extract_w_r_double_kokkos
map_physics_fields_alg_mod_psy	invoke_2_smagorinsky_shear_kernel_type	smagorinsky_shear_code	smagorinsky_shear_kokkos
map_um_lbc_inputs_alg_mod_psy	invoke_1	sample_wtheta_to_w3_code	sample_wtheta_to_w3_kokkos
map_w2_to_sh_w2_alg_mod_psy	invoke_0	consist_w2_to_sh_w2_code	consist_w2_to_sh_w2_double_kokkos
map_w2_to_sh_w2_alg_mod_psy	invoke_1	consist_w2_to_sh_w2_code	consist_w2_to_sh_w2_double_kokkos
mixed_operator_alg_mod_psy	invoke_0_combine_w2_field_kernel_type	combine_w2_field_code	combine_w2_field_r_single_kokkos
mixed_operator_alg_mod_psy	invoke_5	split_w2_field_code	split_w2_field_r_single_kokkos
mixed_operator_alg_mod_psy	invoke_7_split_w2_field_kernel_type	split_w2_field_code	split_w2_field_r_single_kokkos
mixed_operator_alg_mod_psy	invoke_analytic_elim_mixed_lhs	apply_elim_mixed_lp_operator_code	apply_elim_mixed_lp_operator_kokkos
mixed_operator_alg_mod_psy	invoke_analytic_elim_mixed_lhs	apply_mixed_lu_operator_code	apply_mixed_lu_operator_kokkos
mixed_operator_alg_mod_psy	invoke_analytic_elim_mixed_lhs	enforce_bc_code	enforce_bc_r_single_kokkos
mixed_operator_alg_mod_psy	invoke_analytic_elim_mixed_lhs	matrix_vector_code	matrix_vector_r_single_kokkos
mixed_operator_alg_mod_psy	invoke_apply_discretely_eliminated_mixed_lhs	apply_elim_mixed_lp_operator_code	apply_elim_mixed_lp_operator_kokkos
mixed_operator_alg_mod_psy	invoke_apply_discretely_eliminated_mixed_lhs	apply_mixed_lu_operator_code	apply_mixed_lu_operator_kokkos
mixed_operator_alg_mod_psy	invoke_apply_discretely_eliminated_mixed_lhs	dg_inc_matrix_vector_code	dg_inc_matrix_vector_r_single_kokkos
mixed_operator_alg_mod_psy	invoke_apply_discretely_eliminated_mixed_lhs	enforce_bc_code	enforce_bc_r_single_kokkos
mixed_operator_alg_mod_psy	invoke_apply_split_mixed_operator	apply_mixed_u_operator_code	apply_mixed_u_operator_kokkos
mixed_operator_alg_mod_psy	invoke_apply_split_mixed_operator	apply_mixed_wp_operator_code	apply_mixed_wp_operator_kokkos
mixed_operator_alg_mod_psy	invoke_apply_split_mixed_operator	assemble_w2h_from_w2hb_code	assemble_w2h_from_w2hb_kokkos
mixed_schur_preconditioner_alg_mod_psy	invoke_4	dg_matrix_vector_code	dg_matrix_vector_r_single_kokkos
mixed_schur_preconditioner_alg_mod_psy	invoke_combine_wind	combine_w2_field_code	combine_w2_field_r_single_kokkos
mixed_schur_preconditioner_alg_mod_psy	invoke_compute_increments	enforce_bc_code	enforce_bc_r_single_kokkos
mixed_schur_preconditioner_alg_mod_psy	invoke_compute_increments	scaled_matrix_vector_code	scaled_matrix_vector_kokkos
mixed_schur_preconditioner_alg_mod_psy	invoke_compute_split_increments	schur_backsub_code	schur_backsub_kokkos
mixed_schur_preconditioner_alg_mod_psy	invoke_schur_rhs	opt_apply_variable_hx_code	opt_apply_variable_hx_r_single_kokkos
mixing_alg_mod_psy	invoke_2	momentum_viscosity_code	momentum_viscosity_kokkos
mixing_alg_mod_psy	invoke_2	tracer_viscosity_code	tracer_viscosity_kokkos
moist_dyn_factors_alg_mod_psy	invoke_1	moist_dyn_mass_code	moist_dyn_mass_kokkos
moist_dyn_factors_alg_mod_psy	invoke_2	moist_dyn_gas_code	moist_dyn_gas_kokkos
moist_dyn_factors_alg_mod_psy	invoke_2	moist_dyn_mass_code	moist_dyn_mass_kokkos
moisture_fluxes_alg_mod_psy	invoke_0_multi_extract_kernel_type	multi_extract_code	multi_extract_kokkos
moisture_fluxes_alg_mod_psy	invoke_1	compute_bottom_mass_from_flux_code	compute_bottom_mass_from_flux_kokkos
moisture_fluxes_alg_mod_psy	invoke_1	compute_bottom_mass_from_flux_code	compute_bottom_mass_from_flux_kokkos
moisture_fluxes_alg_mod_psy	invoke_1	compute_bottom_mass_from_flux_code	compute_bottom_mass_from_flux_kokkos
moisture_fluxes_alg_mod_psy	invoke_1	compute_bottom_mass_from_flux_code	compute_bottom_mass_from_flux_kokkos
moisture_fluxes_alg_mod_psy	invoke_1	compute_bottom_mass_from_flux_code	compute_bottom_mass_from_flux_kokkos
mol_conservative_alg_mod_psy	invoke_4_dg_matrix_vector_kernel_type	dg_matrix_vector_code	dg_matrix_vector_r_double_kokkos
mol_consistent_alg_mod_psy	invoke_9	inject_wt_to_sh_w3_code	inject_wt_to_sh_w3_r_double_kokkos
multigrid_preconditioner_alg_mod_psy	invoke_masked_prolong	prolong_scalar_masked_kernel_code	prolong_scalar_masked_r_single_kokkos
multigrid_preconditioner_alg_mod_psy	invoke_masked_restriction	restrict_scalar_masked_kernel_code	restrict_scalar_masked_r_single_kokkos
multigrid_preconditioner_alg_mod_psy	invoke_unweighted_prolong	prolong_scalar_unweighted_kernel_code	prolong_scalar_unweighted_r_single_kokkos
multigrid_preconditioner_alg_mod_psy	invoke_unweighted_restriction	restrict_scalar_unweighted_kernel_code	restrict_scalar_unweighted_r_single_kokkos
norm_alg_mod_psy	invoke_abs_l2_error_calculation	matrix_vector_code	matrix_vector_r_double_kokkos
norm_alg_mod_psy	invoke_covariance_calculation	matrix_vector_code	matrix_vector_r_double_kokkos
norm_alg_mod_psy	invoke_l2_norm_calculation	matrix_vector_code	matrix_vector_r_double_kokkos
norm_alg_mod_psy	invoke_mean_calculation	matrix_vector_code	matrix_vector_r_double_kokkos
norm_alg_mod_psy	invoke_rel_l2_error_calculation	matrix_vector_code	matrix_vector_r_double_kokkos
norm_alg_mod_psy	invoke_rel_l2_error_calculation	matrix_vector_code	matrix_vector_r_double_kokkos
physics_mappings_alg_mod_psy	invoke_0_sample_w3_to_wtheta_kernel_type	sample_w3_to_wtheta_code	sample_w3_to_wtheta_r_double_kokkos
physics_mappings_alg_mod_psy	invoke_17	extract_uv_code	extract_uv_r_double_kokkos
physics_mappings_alg_mod_psy	invoke_17	extract_uv_code	extract_uv_r_double_kokkos
physics_mappings_alg_mod_psy	invoke_17	extract_w_code	extract_w_r_double_kokkos
physics_mappings_alg_mod_psy	invoke_18	extract_uv_code	extract_uv_r_double_kokkos
physics_mappings_alg_mod_psy	invoke_18	extract_uv_code	extract_uv_r_double_kokkos
physics_mappings_alg_mod_psy	invoke_1_sample_wtheta_to_w3_kernel_type	sample_wtheta_to_w3_code	sample_wtheta_to_w3_kokkos
predictors_alg_mod_psy	invoke_compute_density_predictor	dg_matrix_vector_code	dg_matrix_vector_r_double_kokkos
pressure_diag_precon_alg_mod_psy	invoke_0_dg_matrix_vector_kernel_type	dg_matrix_vector_code	dg_matrix_vector_r_single_kokkos
pressure_operator_alg_mod_psy	invoke_1	enforce_bc_code	enforce_bc_r_single_kokkos
pressure_operator_alg_mod_psy	invoke_1	scaled_matrix_vector_code	scaled_matrix_vector_kokkos
pressure_operator_alg_mod_psy	invoke_2	enforce_bc_code	enforce_bc_r_single_kokkos
pressure_operator_alg_mod_psy	invoke_2	scaled_matrix_vector_code	scaled_matrix_vector_kokkos
pressure_operator_alg_mod_psy	invoke_apply_h	apply_helmholtz_operator_code	apply_helmholtz_operator_kokkos
pressure_precon_alg_mod_psy	invoke_0_tri_solve_kernel_type	tri_solve_code	tri_solve_r_single_kokkos
print_field_stats_alg_mod_psy	invoke_0_field_stats_kernel_type	field_stats_code	field_stats_r_double_kokkos
print_field_stats_alg_mod_psy	invoke_1_field_stats_kernel_type	field_stats_code	field_stats_r_double_kokkos
reconstruct_w3_field_alg_mod_psy	invoke_0_combine_multidata_field_kernel_type	combine_multidata_field_code	combine_multidata_field_r_double_kokkos
reconstruct_w3_field_alg_mod_psy	invoke_w3_1dh_reconstruction	poly1d_reconstruction_code	poly1d_reconstruction_kokkos
reconstruct_w3_field_alg_mod_psy	invoke_w3_2dh_reconstruction	poly2d_reconstruction_code	poly2d_reconstruction_kokkos
rhs_alg_mod_psy	invoke_15_matrix_vector_kernel_type	matrix_vector_code	matrix_vector_r_double_kokkos
rhs_alg_mod_psy	invoke_1_matrix_vector_kernel_type	matrix_vector_code	matrix_vector_r_double_kokkos
rhs_alg_mod_psy	invoke_2	enforce_bc_code	enforce_bc_r_double_kokkos
rhs_alg_mod_psy	invoke_2	matrix_vector_code	matrix_vector_r_double_kokkos
rhs_alg_mod_psy	invoke_3	dg_inc_matrix_vector_code	dg_inc_matrix_vector_r_double_kokkos
rhs_alg_mod_psy	invoke_5_rhs_sample_eos_kernel_type	rhs_sample_eos_code	rhs_sample_eos_kokkos
rhs_alg_mod_psy	invoke_compute_rhs_theta_and_rhs_rho	dg_inc_matrix_vector_code	dg_inc_matrix_vector_r_double_kokkos
rhs_alg_mod_psy	invoke_compute_rhs_u_evaluation	enforce_bc_code	enforce_bc_r_double_kokkos
rhs_alg_mod_psy	invoke_compute_rhs_u_setup	hydrostatic_code	hydrostatic_kokkos
rhs_alg_mod_psy	invoke_compute_rhs_u_setup	matrix_vector_code	matrix_vector_r_double_kokkos
rhs_alg_mod_psy	invoke_compute_rhs_u_setup	pressure_gradient_bd_code	pressure_gradient_bd_kokkos
rhs_alg_mod_psy	invoke_project_rhs_eos	dg_matrix_vector_code	dg_matrix_vector_r_double_kokkos
rhs_alg_mod_psy	invoke_sample_rhs_eos	rhs_sample_eos_code	rhs_sample_eos_kokkos
rk_alg_timestep_mod_psy	invoke_10	momentum_viscosity_code	momentum_viscosity_kokkos
rk_alg_timestep_mod_psy	invoke_10	tracer_viscosity_code	tracer_viscosity_kokkos
rk_alg_timestep_mod_psy	invoke_1_matrix_vector_kernel_type	matrix_vector_code	matrix_vector_r_double_kokkos
rk_alg_timestep_mod_psy	invoke_compute_new_rhs	enforce_bc_code	enforce_bc_r_double_kokkos
rk_alg_timestep_mod_psy	invoke_compute_new_rhs	hydrostatic_code	hydrostatic_kokkos
rk_alg_timestep_mod_psy	invoke_compute_new_rhs	pressure_gradient_bd_code	pressure_gradient_bd_kokkos
sample_init_u_alg_mod_psy	invoke_2	profile_interp_code	profile_interp_kokkos
sample_init_u_alg_mod_psy	invoke_3	profile_interp_code	profile_interp_kokkos
sample_init_u_alg_mod_psy	invoke_5	profile_interp_code	profile_interp_kokkos
sci_dense_operator_alg_mod_psy	invoke_1	dg_inc_matrix_vector_code	dg_inc_matrix_vector_r_double_kokkos
sci_dense_operator_alg_mod_psy	invoke_1	matrix_vector_code	matrix_vector_r_double_kokkos
sci_dense_operator_alg_mod_psy	invoke_2	mm_diagonal_kernel_code	mm_diagonal_kernel_r_double_kokkos
sci_dense_operator_alg_mod_psy	invoke_2	mm_diagonal_kernel_code	mm_diagonal_kernel_r_double_kokkos
sci_fem_constants_mod_psy	invoke_10	matrix_vector_code	matrix_vector_r_double_kokkos
sci_fem_constants_mod_psy	invoke_11	dg_inc_matrix_vector_code	dg_inc_matrix_vector_r_double_kokkos
sci_fem_constants_mod_psy	invoke_12	matrix_vector_code	matrix_vector_r_double_kokkos
sci_fem_constants_mod_psy	invoke_13	dg_inc_matrix_vector_code	dg_inc_matrix_vector_r_double_kokkos
sci_fem_constants_mod_psy	invoke_20	operator_x_times_y_kernel_code	operator_x_times_y_kernel_r_double_kokkos
sci_fem_constants_mod_psy	invoke_21	operator_x_times_y_kernel_code	operator_x_times_y_kernel_r_double_kokkos
sci_fem_constants_mod_psy	invoke_22	multiplicity_code	multiplicity_r_double_kokkos
sci_fem_constants_mod_psy	invoke_23	multiplicity_code	multiplicity_r_double_kokkos
sci_fem_constants_mod_psy	invoke_8	mm_diagonal_kernel_code	mm_diagonal_kernel_r_double_kokkos
sci_fem_constants_mod_psy	invoke_9	mm_diagonal_kernel_code	mm_diagonal_kernel_r_double_kokkos
sci_fem_constants_mod_psy	invoke_create_inv_mass_matrix_fe	invert_local_operator_code	invert_local_operator_kokkos
sci_fem_constants_mod_psy	invoke_create_inv_mass_matrix_fv	invert_local_operator_code	invert_local_operator_kokkos
sci_geometric_constants_mod_psy	invoke_10	multiplicity_code	multiplicity_r_double_kokkos
sci_geometric_constants_mod_psy	invoke_11	multiplicity_code	multiplicity_r_double_kokkos
sci_geometric_constants_mod_psy	invoke_12_get_dz_w3_kernel_type	get_dz_w3_code	get_dz_w3_kokkos
sci_geometric_constants_mod_psy	invoke_13_calc_delta_at_wtheta_kernel_type	calc_delta_at_wtheta_code	calc_delta_at_wtheta_kokkos
sci_geometric_constants_mod_psy	invoke_16_calc_da_msl_proj_kernel_type	calc_da_msl_proj_code	calc_da_msl_proj_kokkos
sci_geometric_constants_mod_psy	invoke_17_height_discontinuous_kernel_type	height_discontinuous_code	height_discontinuous_kokkos
sci_geometric_constants_mod_psy	invoke_18	height_continuous_code	height_continuous_kokkos
sci_geometric_constants_mod_psy	invoke_18	multiplicity_code	multiplicity_r_double_kokkos
sci_geometric_constants_mod_psy	invoke_19_height_discontinuous_kernel_type	height_discontinuous_code	height_discontinuous_kokkos
sci_geometric_constants_mod_psy	invoke_20	height_continuous_code	height_continuous_kokkos
sci_geometric_constants_mod_psy	invoke_20	multiplicity_code	multiplicity_r_double_kokkos
sci_geometric_constants_mod_psy	invoke_3_face_selector_kernel_type	face_selector_code	face_selector_kokkos
sci_geometric_constants_mod_psy	invoke_5_face_selector_halo_kernel_type	face_selector_halo_code	face_selector_halo_kokkos
sci_geometric_constants_mod_psy	invoke_8	mm_diagonal_kernel_code	mm_diagonal_kernel_r_double_kokkos
sci_geometric_constants_mod_psy	invoke_9	mm_diagonal_kernel_code	mm_diagonal_kernel_r_double_kokkos
sci_mapping_constants_mod_psy	invoke_8	weights_prolong_w2_kernel_code	weights_prolong_w2_kernel_kokkos
sci_mapping_constants_mod_psy	invoke_9_weights_intermesh_w3_kernel_type	weights_intermesh_w3_kernel_code	weights_intermesh_w3_kernel_kokkos
sci_mass_matrix_operator_alg_mod_psy	invoke_0	matrix_vector_code	matrix_vector_r_double_kokkos
sci_mass_matrix_operator_alg_mod_psy	invoke_1_enforce_bc_kernel_type	enforce_bc_code	enforce_bc_r_double_kokkos
sci_mass_matrix_solver_alg_mod_psy	invoke_0_dg_matrix_vector_kernel_type	dg_matrix_vector_code	dg_matrix_vector_r_double_kokkos
sci_mass_matrix_solver_alg_mod_psy	invoke_1_operator_tri_solve_kernel_type	operator_tri_solve_code	operator_tri_solve_kokkos
sci_split_combine_w2_alg_mod_psy	invoke_0_split_w2_field_kernel_type	split_w2_field_code	split_w2_field_r_double_kokkos
sci_split_combine_w2_alg_mod_psy	invoke_1_combine_w2_field_kernel_type	combine_w2_field_code	combine_w2_field_r_double_kokkos
semi_implicit_solver_alg_mod_psy	invoke_11	dg_matrix_vector_code	dg_matrix_vector_r_single_kokkos
semi_implicit_solver_alg_mod_psy	invoke_13	dg_inc_matrix_vector_code	dg_inc_matrix_vector_r_single_kokkos
semi_implicit_solver_alg_mod_psy	invoke_19	split_w2_field_code	split_w2_field_r_single_kokkos
semi_implicit_solver_alg_mod_psy	invoke_5_dg_inc_matrix_vector_kernel_type	dg_inc_matrix_vector_code	dg_inc_matrix_vector_r_single_kokkos
semi_implicit_solver_alg_mod_psy	invoke_6	dg_inc_matrix_vector_code	dg_inc_matrix_vector_r_single_kokkos
semi_implicit_solver_alg_mod_psy	invoke_6	enforce_bc_code	enforce_bc_r_single_kokkos
semi_implicit_solver_alg_mod_psy	invoke_6	matrix_vector_code	matrix_vector_r_single_kokkos
semi_implicit_solver_alg_mod_psy	invoke_7_dg_inc_matrix_vector_kernel_type	dg_inc_matrix_vector_code	dg_inc_matrix_vector_r_single_kokkos
semi_implicit_solver_alg_mod_psy	invoke_8	enforce_bc_code	enforce_bc_r_single_kokkos
semi_implicit_solver_alg_mod_psy	invoke_8	matrix_vector_code	matrix_vector_r_single_kokkos
semi_implicit_solver_alg_mod_psy	invoke_9_combine_w2_field_kernel_type	combine_w2_field_code	combine_w2_field_r_single_kokkos
semi_implicit_timestep_alg_mod_psy	invoke_8	dg_inc_matrix_vector_code	dg_inc_matrix_vector_r_double_kokkos
semi_implicit_timestep_alg_mod_psy	invoke_update_rhs_phys_from_fast_physics	dg_inc_matrix_vector_code	dg_inc_matrix_vector_r_double_kokkos
semi_implicit_timestep_alg_mod_psy	invoke_update_rhs_phys_from_fast_physics	enforce_bc_code	enforce_bc_r_double_kokkos
semi_implicit_timestep_alg_mod_psy	invoke_update_rhs_phys_from_fast_physics	matrix_vector_code	matrix_vector_r_double_kokkos
setup_orography_alg_mod_psy	invoke_2	multiplicity_code	multiplicity_r_double_kokkos
setup_orography_alg_mod_psy	invoke_2	sample_field_code	sample_field_r_double_kokkos
si_operators_alg_mod_psy	invoke_11	mg_flux_code	mg_flux_kokkos
si_operators_alg_mod_psy	invoke_12	sample_flux_code	sample_flux_r_single_kokkos
si_operators_alg_mod_psy	invoke_13	weighted_proj_2thetav_code	weighted_proj_2thetav_kokkos
si_operators_alg_mod_psy	invoke_13	weighted_proj_theta2v_code	weighted_proj_theta2v_kokkos
si_operators_alg_mod_psy	invoke_14	weighted_proj_2theta_bd_code	weighted_proj_2theta_bd_kokkos
si_operators_alg_mod_psy	invoke_14	weighted_proj_2theta_code	weighted_proj_2theta_kokkos
si_operators_alg_mod_psy	invoke_14	weighted_proj_theta2_code	weighted_proj_theta2_kokkos
si_operators_alg_mod_psy	invoke_19_operator_setval_x_kernel_type	operator_setval_x_kernel_code	operator_setval_x_kernel_r_double_to_r_single_kokkos
si_operators_alg_mod_psy	invoke_1_sort_ref_kernel_type	sort_ref_code	sort_ref_r_single_kokkos
si_operators_alg_mod_psy	invoke_30_restrict_scalar_unweighted_kernel_type	restrict_scalar_unweighted_kernel_code	restrict_scalar_unweighted_r_single_kokkos
si_operators_alg_mod_psy	invoke_32_restrict_scalar_unweighted_kernel_type	restrict_scalar_unweighted_kernel_code	restrict_scalar_unweighted_r_single_kokkos
si_operators_alg_mod_psy	invoke_34_restrict_scalar_unweighted_kernel_type	restrict_scalar_unweighted_kernel_code	restrict_scalar_unweighted_r_single_kokkos
si_operators_alg_mod_psy	invoke_36_restrict_scalar_unweighted_kernel_type	restrict_scalar_unweighted_kernel_code	restrict_scalar_unweighted_r_single_kokkos
si_operators_alg_mod_psy	invoke_6_sample_w3_to_wtheta_kernel_type	sample_w3_to_wtheta_code	sample_w3_to_wtheta_r_single_kokkos
si_operators_alg_mod_psy	invoke_7	multiplicity_code	multiplicity_r_single_kokkos
si_operators_alg_mod_psy	invoke_7	sample_field_code	sample_field_r_single_kokkos
si_operators_alg_mod_psy	invoke_8_sample_eos_operators_kernel_type	sample_eos_operators_code	sample_eos_operators_kokkos
si_operators_alg_mod_psy	invoke_cell_and_boundary_kernels_vert	compound_operator_kernel_code	compound_operator_kernel_kokkos
si_operators_alg_mod_psy	invoke_cell_and_boundary_kernels_vert	operator_setval_x_kernel_code	operator_setval_x_kernel_r_single_kokkos
si_operators_alg_mod_psy	invoke_cell_and_boundary_kernels_vert	weighted_div_bd_code	weighted_div_bd_kokkos
si_operators_alg_mod_psy	invoke_cell_and_boundary_kernels_vert	weighted_div_code	weighted_div_kokkos
si_operators_alg_mod_psy	invoke_cell_and_boundary_kernels_vert	weighted_proj_theta2_vert_code	weighted_proj_theta2_vert_kokkos
si_operators_alg_mod_psy	invoke_compute_analytic_lumped_inverse_h_b_operator	matrix_vector_code	matrix_vector_r_single_kokkos
si_operators_alg_mod_psy	invoke_compute_analytic_lumped_inverse_h_b_operator	matrix_vector_code	matrix_vector_r_single_kokkos
si_operators_alg_mod_psy	invoke_compute_lumped_inverse_h_b_operator	dg_inc_matrix_vector_code	dg_inc_matrix_vector_r_single_kokkos
si_operators_alg_mod_psy	invoke_compute_lumped_inverse_h_b_operator	matrix_vector_code	matrix_vector_r_single_kokkos
si_operators_alg_mod_psy	invoke_compute_lumped_inverse_h_b_operator	matrix_vector_code	matrix_vector_r_single_kokkos
slow_physics_alg_mod_psy	invoke_20_enforce_lower_bound_kernel_type	enforce_lower_bound_code	enforce_lower_bound_r_double_kokkos
slow_physics_alg_mod_psy	invoke_4_evap_condense_kernel_type	evap_condense_code	evap_condense_kokkos
smagorinsky_alg_mod_psy	invoke_10	diffusion_flux_code	diffusion_flux_kokkos
smagorinsky_alg_mod_psy	invoke_10	fv_divergence_2d_code	fv_divergence_2d_r_double_kokkos
smagorinsky_alg_mod_psy	invoke_11_tracer_smagorinsky_diff_kernel_type	tracer_smagorinsky_diff_code	tracer_smagorinsky_diff_kokkos
smagorinsky_alg_mod_psy	invoke_3	cap_diffusion_coeff_code	cap_diffusion_coeff_kokkos
smagorinsky_alg_mod_psy	invoke_3	cap_diffusion_coeff_code	cap_diffusion_coeff_kokkos
smagorinsky_alg_mod_psy	invoke_7	momentum_smagorinsky_code	momentum_smagorinsky_kokkos
solver_constants_mod_psy	invoke_1_operator_setval_x_kernel_type	operator_setval_x_kernel_code	operator_setval_x_kernel_r_double_to_r_single_kokkos
solver_constants_mod_psy	invoke_2_operator_setval_x_kernel_type	operator_setval_x_kernel_code	operator_setval_x_kernel_r_double_to_r_single_kokkos
solver_constants_mod_psy	invoke_3_operator_setval_x_kernel_type	operator_setval_x_kernel_code	operator_setval_x_kernel_r_double_to_r_single_kokkos
solver_constants_mod_psy	invoke_4	operator_setval_x_kernel_code	operator_setval_x_kernel_r_double_to_r_single_kokkos
solver_constants_mod_psy	invoke_4	operator_x_times_y_kernel_code	operator_x_times_y_kernel_r_single_kokkos
solver_constants_mod_psy	invoke_5	multiplicity_code	multiplicity_r_double_kokkos
solver_moist_correction_alg_mod_psy	invoke_0	fv_divergence_3d_code	fv_divergence_3d_r_double_kokkos
solver_moist_correction_alg_mod_psy	invoke_0	upwind_tracer_flux_code	upwind_tracer_flux_kokkos
substep_transport_alg_mod_psy	invoke_1	calc_departure_wind_code	calc_departure_wind_kokkos
substep_transport_alg_mod_psy	invoke_1	hori_dep_dist_eulerian_code	hori_dep_dist_eulerian_kokkos
sum_fluxes_alg_mod_psy	invoke_0	multi_extract_code	multi_extract_kokkos
surface_altitude_alg_mod_psy	invoke_0	average_w3_to_w0_code	average_w3_to_w0_kokkos
surface_altitude_alg_mod_psy	invoke_0	multiplicity_code	multiplicity_r_double_kokkos
temp_tend_profile_alg_mod_psy	invoke_2	profile_interp_code	profile_interp_kokkos
theta_relax_alg_mod_psy	invoke_1	profile_interp_code	profile_interp_kokkos
theta_transport_alg_mod_psy	invoke_2_dry_to_moist_theta_kernel_type	dry_to_moist_theta_code	dry_to_moist_theta_kokkos
theta_transport_alg_mod_psy	invoke_4_moist_to_dry_theta_kernel_type	moist_to_dry_theta_code	moist_to_dry_theta_kokkos
theta_transport_alg_mod_psy	invoke_5_fv_divergence_3d_kernel_type	fv_divergence_3d_code	fv_divergence_3d_r_double_kokkos
theta_transport_alg_mod_psy	invoke_7_theta_moist_source_kernel_type	theta_moist_source_code	theta_moist_source_kokkos
theta_transport_alg_mod_psy	invoke_8_sort_column_above_kernel_type	sort_column_above_code	sort_column_above_r_double_kokkos
transport_constants_mod_psy	invoke_0_panel_edge_dist_kernel_type	panel_edge_dist_code	panel_edge_dist_kokkos
transport_constants_mod_psy	invoke_12_ffsl_fourth_dldz_kernel_type	ffsl_fourth_dldz_code	ffsl_fourth_dldz_kokkos
transport_constants_mod_psy	invoke_13_operator_setval_x_kernel_type	operator_setval_x_kernel_code	operator_setval_x_kernel_r_double_kokkos
transport_constants_mod_psy	invoke_14_operator_setval_x_kernel_type	operator_setval_x_kernel_code	operator_setval_x_kernel_r_double_kokkos
transport_constants_mod_psy	invoke_15	operator_setval_x_kernel_code	operator_setval_x_kernel_r_double_kokkos
transport_constants_mod_psy	invoke_15	operator_x_times_y_kernel_code	operator_x_times_y_kernel_r_double_kokkos
transport_constants_mod_psy	invoke_16	mm_diagonal_kernel_code	mm_diagonal_kernel_r_double_kokkos
transport_constants_mod_psy	invoke_21	mm_diagonal_kernel_code	mm_diagonal_kernel_r_double_kokkos
transport_constants_mod_psy	invoke_4	halo_mask_code	halo_mask_kokkos
transport_constants_mod_psy	invoke_6_ffsl_third_dldz_kernel_type	ffsl_third_dldz_code	ffsl_third_dldz_kokkos
transport_controller_mod_psy	invoke_6	fv_divergence_3d_code	fv_divergence_3d_r_double_kokkos
transport_controller_mod_psy	invoke_7	split_w2_field_code	split_w2_field_r_double_kokkos
transport_controller_mod_psy	invoke_7	watkins_code	watkins_kokkos
transport_controller_mod_psy	invoke_8	split_w2_field_code	split_w2_field_r_double_kokkos
transport_controller_mod_psy	invoke_8	watkins_code	watkins_kokkos
transport_rho_times_field_alg_mod_psy	invoke_4	inject_wt_to_sh_w3_code	inject_wt_to_sh_w3_r_double_kokkos
transport_rho_times_field_alg_mod_psy	invoke_7_inject_sh_w3_to_wt_kernel_type	inject_sh_w3_to_wt_code	inject_sh_w3_to_wt_r_double_kokkos
update_prognostic_scalars_alg_mod_psy	invoke_sample_eos_pressure	sample_eos_pressure_code	sample_eos_pressure_kokkos
vapour_forcing_profile_alg_mod_psy	invoke_2_profile_interp_kernel_type	profile_interp_code	profile_interp_kokkos
vertadvect_forcing_alg_mod_psy	invoke_0	vertadvect_code	vertadvect_kokkos
vertadvect_forcing_alg_mod_psy	invoke_1	profile_interp_code	profile_interp_kokkos
vertadvect_forcing_alg_mod_psy	invoke_1	vertadvect_code	vertadvect_kokkos
vertadvect_forcing_alg_mod_psy	invoke_10	profile_interp_code	profile_interp_kokkos
vertadvect_forcing_alg_mod_psy	invoke_10	vertadv_wind_code	vertadv_wind_kokkos
vertadvect_forcing_alg_mod_psy	invoke_2	vertadvect_code	vertadvect_kokkos
vertadvect_forcing_alg_mod_psy	invoke_3	profile_interp_code	profile_interp_kokkos
vertadvect_forcing_alg_mod_psy	invoke_3	vertadvect_code	vertadvect_kokkos
vertadvect_forcing_alg_mod_psy	invoke_4	vertadvect_code	vertadvect_kokkos
vertadvect_forcing_alg_mod_psy	invoke_5	profile_interp_code	profile_interp_kokkos
vertadvect_forcing_alg_mod_psy	invoke_5	vertadvect_code	vertadvect_kokkos
vertadvect_forcing_alg_mod_psy	invoke_7	vertadv_wind_code	vertadv_wind_kokkos
vertadvect_forcing_alg_mod_psy	invoke_8	profile_interp_code	profile_interp_kokkos
vertadvect_forcing_alg_mod_psy	invoke_8	vertadv_wind_code	vertadv_wind_kokkos
vertadvect_forcing_alg_mod_psy	invoke_9	vertadv_wind_code	vertadv_wind_kokkos
vertical_sl_conservative_alg_mod_psy	invoke_vertical_remap	dg_matrix_vector_code	dg_matrix_vector_r_double_kokkos
vertical_sl_conservative_alg_mod_psy	invoke_vertical_remap	dg_matrix_vector_code	dg_matrix_vector_r_double_kokkos
wind_forcing_profile_alg_mod_psy	invoke_3_profile_interp_kernel_type	profile_interp_code	profile_interp_kokkos
wind_forcing_profile_alg_mod_psy	invoke_6_profile_interp_kernel_type	profile_interp_code	profile_interp_kokkos
wind_precomputations_alg_mod_psy	invoke_1_split_w2_field_kernel_type	split_w2_field_code	split_w2_field_r_double_kokkos
wind_precomputations_alg_mod_psy	invoke_7	split_w2_field_code	split_w2_field_r_double_kokkos
wind_precomputations_alg_mod_psy	invoke_9_calc_max_cfl_kernel_type	calc_max_cfl_code	calc_max_cfl_kokkos
wind_transport_alg_mod_psy	invoke_perform_broken_projection_for_wind_inc	dg_inc_matrix_vector_code	dg_inc_matrix_vector_r_double_kokkos
wind_transport_alg_mod_psy	invoke_perform_broken_projection_for_wind_inc	dg_inc_matrix_vector_code	dg_inc_matrix_vector_r_double_kokkos
wind_transport_alg_mod_psy	invoke_perform_broken_projection_for_wind_inc	dg_inc_matrix_vector_code	dg_inc_matrix_vector_r_double_kokkos
wind_transport_alg_mod_psy	invoke_perform_broken_projection_for_wind_inc	dg_matrix_vector_code	dg_matrix_vector_r_double_kokkos
wind_transport_alg_mod_psy	invoke_perform_broken_projection_for_wind_inc	enforce_bc_code	enforce_bc_r_double_kokkos
wind_transport_alg_mod_psy	invoke_perform_broken_projection_for_wind_inc	matrix_vector_code	matrix_vector_r_double_kokkos
wind_transport_alg_mod_psy	invoke_perform_galerkin_projection_for_wind_inc	enforce_bc_code	enforce_bc_r_double_kokkos
wind_transport_alg_mod_psy	invoke_perform_galerkin_projection_for_wind_inc	matrix_vector_code	matrix_vector_r_double_kokkos
wind_transport_alg_mod_psy	invoke_perform_galerkin_projection_for_wind_inc	matrix_vector_code	matrix_vector_r_double_kokkos
wind_transport_alg_mod_psy	invoke_perform_galerkin_projection_for_wind_inc	matrix_vector_code	matrix_vector_r_double_kokkos
wt_advective_update_alg_mod_psy	invoke_11_consistent_wind_kernel_type	consistent_wind_code	consistent_wind_kokkos
wt_advective_update_alg_mod_psy	invoke_12	rtheta_code	rtheta_kokkos
wt_advective_update_alg_mod_psy	invoke_5_polyv_wtheta_koren_kernel_type	polyv_wtheta_koren_code	polyv_wtheta_koren_kokkos
wt_advective_update_alg_mod_psy	invoke_6_poly1d_vert_adv_kernel_type	poly1d_vert_adv_code	poly1d_vert_adv_kokkos
wt_advective_update_alg_mod_psy	invoke_8_split_w2_field_kernel_type	split_w2_field_code	split_w2_field_r_double_kokkos
wt_advective_update_alg_mod_psy	invoke_wt_1d_recon	poly1d_reconstruction_code	poly1d_reconstruction_kokkos
wt_advective_update_alg_mod_psy	invoke_wt_2d_recon	poly2d_reconstruction_code	poly2d_reconstruction_kokkos
